<?xml version="1.0" encoding="UTF-8"?>
<project-private xmlns="http://www.netbeans.org/ns/project-private/1">
    <editor-bookmarks xmlns="http://www.netbeans.org/ns/editor-bookmarks/2" lastBookmarkId="1">
        <file>
            <url>src/Server/Repostero.java</url>
            <bookmark id="1">
                <name/>
                <line>0</line>
                <key/>
            </bookmark>
        </file>
    </editor-bookmarks>
    <open-files xmlns="http://www.netbeans.org/ns/projectui-open-files/2">
        <group>
            <file>file:/C:/Users/David%20Sanchez/Desktop/DAVICETE/GitHubRepositorio/cookeiFactory/cookeiFactoryJava/src/ClientInterface/PanelCliente.java</file>
            <file>file:/C:/Users/David%20Sanchez/Desktop/DAVICETE/GitHubRepositorio/cookeiFactory/cookeiFactoryJava/src/Server/Almacen.java</file>
            <file>file:/C:/Users/David%20Sanchez/Desktop/DAVICETE/GitHubRepositorio/cookeiFactory/cookeiFactoryJava/src/Server/Cafeteria.java</file>
            <file>file:/C:/Users/David%20Sanchez/Desktop/DAVICETE/GitHubRepositorio/cookeiFactory/cookeiFactoryJava/src/ServerInterface/PanelSCM.java</file>
            <file>file:/C:/Users/David%20Sanchez/Desktop/DAVICETE/GitHubRepositorio/cookeiFactory/cookeiFactoryJava/src/Client/InicializacionCliente.java</file>
            <file>file:/C:/Users/David%20Sanchez/Desktop/DAVICETE/GitHubRepositorio/cookeiFactory/cookeiFactoryJava/src/Logger/Logger.java</file>
            <file>file:/C:/Users/David%20Sanchez/Desktop/DAVICETE/GitHubRepositorio/cookeiFactory/cookeiFactoryJava/src/Server/Horno.java</file>
            <file>file:/C:/Users/David%20Sanchez/Desktop/DAVICETE/GitHubRepositorio/cookeiFactory/cookeiFactoryJava/src/SharedZone/InterfazImplementacionRMI.java</file>
            <file>file:/C:/Users/David%20Sanchez/Desktop/DAVICETE/GitHubRepositorio/cookeiFactory/cookeiFactoryJava/src/Server/MetodosParaCliente.java</file>
            <file>file:/C:/Users/David%20Sanchez/Desktop/DAVICETE/GitHubRepositorio/cookeiFactory/cookeiFactoryJava/src/Server/Repostero.java</file>
            <file>file:/C:/Users/David%20Sanchez/Desktop/DAVICETE/GitHubRepositorio/cookeiFactory/cookeiFactoryJava/src/Server/Empaquetador.java</file>
            <file>file:/C:/Users/David%20Sanchez/Desktop/DAVICETE/GitHubRepositorio/cookeiFactory/cookeiFactoryJava/src/Server/InicializacionServer.java</file>
        </group>
    </open-files>
</project-private>
